corr_engaged_vs_purchase,corr_time_vs_purchase
0.081546561303039236,0.31798788665534317